date,close,volume,open,high,low
16:00,$202.64,46882304.0,209.43,212.051,201.0
2019/08/23,$202.64,46882840.0,209.43,212.051,201.0
2019/08/22,$212.46,22267820.0,213.19,214.435,210.75
2019/08/21,$212.64,21564750.0,212.99,213.65,211.6032
2019/08/20,$210.36,26919530.0,210.88,213.35,210.32
2019/08/19,$210.35,24431920.0,210.62,212.7307,210.025
2019/08/16,$206.5,28813620.0,204.28,207.16,203.84
2019/08/15,$201.74,27883360.0,203.46,205.14,199.67
2019/08/14,$202.75,36547440.0,203.16,206.44,202.5869
2019/08/13,$208.97,47539790.0,201.02,212.14,200.83
2019/08/12,$200.48,22481890.0,199.62,202.0516,199.15
2019/08/09,$200.99,24619750.0,201.3,202.76,199.29
2019/08/08,$203.43,27009520.0,200.2,203.53,199.39
2019/08/07,$199.04,33364400.0,195.41,199.56,193.82
2019/08/06,$197.0,35824790.0,196.31,198.067,194.04
2019/08/05,$193.34,52392970.0,197.99,198.649,192.58
2019/08/02,$204.02,40862120.0,205.53,206.43,201.63
2019/08/01,$208.43,54017920.0,213.9,218.03,206.7435
2019/07/31,$213.04,69281360.0,216.42,221.37,211.3
2019/07/30,$208.78,33935720.0,208.76,210.16,207.31
2019/07/29,$209.68,21673390.0,208.46,210.64,208.44
2019/07/26,$207.74,17618870.0,207.48,209.73,207.14
2019/07/25,$207.02,13909560.0,208.89,209.24,206.73
2019/07/24,$208.67,14991570.0,207.67,209.15,207.17
2019/07/23,$208.84,18355210.0,208.46,208.91,207.29
2019/07/22,$207.22,22277930.0,203.65,207.23,203.61
2019/07/19,$202.59,20929310.0,205.79,206.5,202.36
2019/07/18,$205.66,18582160.0,204.0,205.88,203.7
2019/07/17,$203.35,14107450.0,204.05,205.0915,203.27
2019/07/16,$204.5,16866820.0,204.59,206.11,203.5
2019/07/15,$205.21,16947420.0,204.09,205.87,204.0
2019/07/12,$203.3,17595210.0,202.45,204.0,202.2
2019/07/11,$201.75,20191840.0,203.31,204.39,201.71
2019/07/10,$203.23,17897140.0,201.85,203.73,201.56
2019/07/09,$201.24,20578020.0,199.2,201.51,198.81
2019/07/08,$200.02,25338630.0,200.81,201.4,198.41
2019/07/05,$204.23,17265520.0,203.35,205.08,202.9
2019/07/03,$204.41,11362050.0,203.28,204.44,202.6901
2019/07/02,$202.73,16935220.0,201.41,203.1323,201.36
2019/07/01,$201.55,27316740.0,203.17,204.49,200.65
2019/06/28,$197.92,31110640.0,198.68,199.495,197.05
2019/06/27,$199.74,20899720.0,200.29,201.57,199.57
2019/06/26,$199.8,26067510.0,197.77,200.99,197.35
2019/06/25,$195.57,21070330.0,198.43,199.26,195.29
2019/06/24,$198.58,18220420.0,198.54,200.16,198.17
2019/06/21,$198.78,47800590.0,198.8,200.85,198.15
2019/06/20,$199.46,21513990.0,200.37,200.61,198.03
2019/06/19,$197.87,21124240.0,199.68,199.88,197.31
2019/06/18,$198.45,26551000.0,196.05,200.29,195.21
2019/06/17,$193.89,14669140.0,192.9,194.96,192.17
2019/06/14,$192.74,18761470.0,191.545,193.5863,190.3
2019/06/13,$nan,,,,
2019/06/12,$194.19,18253190.0,193.95,195.97,193.385
2019/06/11,$194.81,26932880.0,194.86,196.0,193.6
2019/06/10,$192.58,26220850.0,191.81,195.37,191.62
2019/06/07,$190.15,30684390.0,186.51,191.92,185.77
2019/06/06,$185.22,22526310.0,183.08,185.47,182.1489
2019/06/05,$182.54,29773430.0,184.28,184.99,181.14
2019/06/04,$179.64,30967960.0,175.44,179.83,174.52
2019/06/03,$173.3,40396070.0,175.6,177.92,170.27
2019/05/31,$175.07,27043580.0,176.23,177.99,174.99
2019/05/30,$178.3,21218410.0,177.95,179.23,176.67
2019/05/29,$177.38,28481170.0,176.42,179.35,176.0
2019/05/28,$178.23,27948160.0,178.92,180.59,177.91
2019/05/24,$17897.0,23714690.0,180.2,182.14,178.62
2019/05/23,$179.66,36529740.0,179.8,180.54,177.81
2019/05/22,$182.78,29748560.0,184.66,185.71,182.55
2019/05/21,$186.6,28364850.0,185.22,188.0,184.7
2019/05/20,$183.09,38612290.0,183.52,184.349,180.2839
2019/05/17,$189.0,32879090.0,186.93,190.9,186.76
2019/05/16,$190.08,33031360.0,189.91,192.4689,188.84
2019/05/15,$190.92,26544720.0,186.27,191.75,186.02
2019/05/14,$188.66,36529680.0,186.41,189.7,185.41
2019/05/13,$185.72,57430620.0,187.71,189.48,182.85
2019/05/10,$197.18,41208710.0,197.419,198.85,192.77
2019/05/09,$200.72,34908610.0,200.4,201.68,196.66
2019/05/08,$202.9,26339500.0,201.9,205.34,201.75
2019/05/07,$202.86,38763700.0,205.88,207.4175,200.825
2019/05/06,$208.48,32443110.0,204.29,208.84,203.5
2019/05/03,$211.75,20892380.0,210.89,211.84,210.23
2019/05/02,$209.15,31996320.0,209.84,212.65,208.13
2019/05/01,$210.52,64827330.0,209.88,215.31,209.23
2019/04/30,$200.67,45751160.0,203.06,203.4,199.11
2019/04/29,$204.61,22010360.0,204.4,205.97,203.86
2019/04/26,$204.3,18612770.0,204.9,205.0,202.12
2019/04/25,$205.28,18463850.0,206.83,207.76,205.12
2019/04/24,$207.16,17427570.0,207.36,208.48,207.05
2019/04/23,$207.48,23286380.0,204.43,207.75,203.9
2019/04/22,$204.53,17841920.0,202.83,204.94,202.34
2019/04/18,$20386.0,24185530.0,203.12,204.15,202.52
2019/04/17,$203.13,28865310.0,199.54,203.38,198.61
2019/04/16,$199.25,25668330.0,199.46,201.37,198.56
2019/04/15,$199.23,17524150.0,198.58,199.85,198.01
2019/04/12,$198.87,27738580.0,199.2,200.14,196.21
2019/04/11,$198.95,20543190.0,200.85,201.0,198.4431
2019/04/10,$200.62,21654750.0,198.68,200.74,198.18
2019/04/09,$199.5,35738280.0,200.32,202.85,199.23
2019/04/08,$200.1,25829880.0,196.42,200.23,196.34
2019/04/05,$197.0,18473070.0,196.45,197.1,195.93
2019/04/04,$195.69,19090050.0,194.79,196.37,193.14
2019/04/03,$195.35,23243160.0,193.25,196.5,193.15
2019/04/02,$194.02,22727370.0,191.09,194.46,191.05
2019/04/01,$191.24,27308200.0,191.64,191.68,188.38
2019/03/29,$189.95,23524830.0,189.83,190.08,188.54
2019/03/28,$188.72,20710390.0,188.95,189.55900000000003,187.53
2019/03/27,$188.47,29771210.0,188.75,189.76,186.55
2019/03/26,$186.79,49696100.0,191.664,,
2019/03/25,$188.74,43751810.0,191.51,191.98,186.6
2019/03/22,$191.05,42287640.0,195.34,197.69,190.78
2019/03/21,$195.09,50943120.0,190.02,196.33,189.81
2019/03/20,$188.16,31003380.0,186.23,189.49,184.73
2019/03/19,$186.53,31440300.0,188.35,188.99,185.92
2019/03/18,$188.02,26148590.0,185.8,188.39,185.79
2019/03/15,$186.12,39017490.0,184.85,187.33,183.74
2019/03/14,$183.73,23527660.0,183.9,184.1,182.56
2019/03/13,$181.71,30929740.0,182.25,183.3,180.92
2019/03/12,$180.91,32416800.0,180.0,182.67,179.37
2019/03/11,$178.9,31123000.0,175.49,179.12,175.35
2019/03/08,$172.91,23985960.0,170.32,173.07,169.5
2019/03/07,$172.5,24755470.0,173.87,174.44,172.02
2019/03/06,$174.52,20755140.0,174.67,175.49,173.94
2019/03/05,$175.53,19238480.0,175.94,176.0,174.54
2019/03/04,$175.85,27413060.0,175.69,177.75,173.97
2019/03/01,$174.97,25737560.0,174.28,175.15,172.89
2019/02/28,$173.15,27953810.0,174.32,174.91,172.92
2019/02/27,$174.87,27817640.0,173.21,175.0,172.73
2019/02/26,$174.33,16991610.0,173.71,175.3,173.1732
2019/02/25,$174.23,21846400.0,174.16,175.87,173.95
2019/02/22,$172.97,18890250.0,171.58,173.0,171.38
2019/02/21,$171.06,17154540.0,171.8,172.37,170.3
2019/02/20,$172.03,25323890.0,171.19,173.32,170.99
2019/02/19,$170.93,18958570.0,169.71,171.44,169.49
2019/02/15,$170.42,24603320.0,171.25,171.7,169.75
2019/02/14,$170.8,21785180.0,169.71,171.2615,169.38
2019/02/13,$170.18,22389660.0,171.39,172.48,169.92
2019/02/12,$170.89,22224400.0,170.1,171.0,169.7
2019/02/11,$169.43,20940020.0,171.05,171.21,169.25
2019/02/08,$170.41,23793830.0,168.99,170.66,168.42
2019/02/07,$170.94,31644240.0,172.4,173.94,170.34
2019/02/06,$174.24,28204640.0,174.65,175.57,172.8531
2019/02/05,$174.18,36054570.0,172.86,175.08,172.3501
2019/02/04,$171.25,31384720.0,167.41,171.655,167.28
2019/02/01,$166.52,32644590.0,166.96,168.98,165.93
2019/01/31,$166.44,40613260.0,166.11,169.0,164.56
2019/01/30,$165.25,60800480.0,163.25,166.15,160.23
2019/01/29,$154.68,39914850.0,156.25,158.13,154.11
2019/01/28,$156.3,26147280.0,155.79,156.33,153.66
2019/01/25,$157.76,33508960.0,155.48,158.13,154.32
2019/01/24,$152.7,25418110.0,154.11,154.48,151.74
2019/01/23,$153.92,23046560.0,154.15,155.14,151.7
2019/01/22,$153.3,30273990.0,156.41,156.73,152.62
2019/01/18,$156.82,33259460.0,157.5,157.88,155.9806
2019/01/17,$155.86,29616190.0,154.2,157.66,153.26
2019/01/16,$154.94,30483120.0,153.08,155.88,153.0
2019/01/15,$153.07,28449940.0,150.27,153.39,150.05
2019/01/14,$150.0,32018540.0,150.85,151.27,149.22
2019/01/11,$152.29,26924630.0,152.88,153.7,151.51
2019/01/10,$153.8,35661200.0,152.5,153.97,150.86
2019/01/09,$153.31,45034370.0,151.29,154.53,149.63
2019/01/08,$150.75,40622910.0,149.56,151.82,148.52
2019/01/07,$147.93,54571440.0,148.7,148.83,145.9
2019/01/04,$148.26,57423650.0,144.53,148.5499,143.8
2019/01/03,$142.19,91106840.0,143.98,145.72,142.0
2019/01/02,$157.92,35637070.0,154.89,158.85,154.23
2018/12/31,$157.74,34499390.0,158.53,159.36,156.48
2018/12/28,$156.23,41740600.0,157.5,158.52,154.55
2018/12/27,$156.15,51608850.0,155.84,156.77,150.07
2018/12/26,$157.17,58133850.0,148.3,157.23,146.72
2018/12/24,$146.83,37169230.0,148.15,151.55,146.59
2018/12/21,$150.73,95497900.0,156.86,158.16,149.63
2018/12/20,$156.83,64398230.0,160.4,162.11,155.3
2018/12/19,$160.89,47597670.0,166.0,167.45,159.09
2018/12/18,$166.07,33753490.0,165.38,167.53,164.39
2018/12/17,$163.94,43250420.0,165.45,168.35,162.73
2018/12/14,$165.48,40620360.0,169.0,169.08,165.28
2018/12/13,$170.95,31754210.0,170.49,172.57,169.55
2018/12/12,$169.1,35474680.0,170.4,171.92,169.02
2018/12/11,$168.63,45968040.0,171.66,171.79,167.0
2018/12/10,$169.6,61759000.0,165.0,170.09,163.33
2018/12/07,$168.49,41678680.0,173.49,174.49,168.3
2018/12/06,$174.72,42704910.0,171.76,174.78,170.42
2018/12/04,$176.69,41141250.0,180.95,182.3899,176.27
2018/12/03,$184.82,40537700.0,184.46,184.94,181.21
2018/11/30,$178.58,39424260.0,180.29,180.33,177.03
2018/11/29,$179.55,41523580.0,182.66,182.8,177.7
2018/11/28,$180.94,45941750.0,176.73,181.29,174.93
2018/11/27,$174.24,41156140.0,171.51,174.77,170.88
2018/11/26,$174.62,44662320.0,174.24,174.95,170.26
2018/11/23,$172.29,23623970.0,174.94,176.595,172.1
2018/11/21,$176.78,31096240.0,179.73,180.27,176.55
2018/11/20,$176.98,67678680.0,178.37,181.47,175.51
2018/11/19,$185.86,41626820.0,190.0,190.7,184.99
2018/11/16,$193.53,36191330.0,190.5,194.9695,189.46
2018/11/15,$191.41,46271660.0,188.39,191.97,186.9
2018/11/14,$186.8,60547340.0,193.9,194.48,185.93
2018/11/13,$192.23,46725710.0,191.63,197.18,191.4501
2018/11/12,$194.17,50991030.0,199.0,199.85,193.79
2018/11/09,$204.47,34317760.0,205.55,206.01,202.25
2018/11/08,$208.49,25289270.0,209.98,210.12,206.75
2018/11/07,$209.95,33291640.0,205.97,210.06,204.13
2018/11/06,$203.77,31774720.0,201.92,204.72,201.69
2018/11/05,$201.59,66072170.0,204.3,204.39,198.17
2018/11/02,$207.48,91046560.0,209.55,213.65,205.43
2018/11/01,$222.22,52954070.0,219.05,222.36,216.81
2018/10/31,$218.86,38016810.0,216.88,220.45,216.62
2018/10/30,$213.3,36487930.0,211.15,215.18,209.27
2018/10/29,$212.24,45713690.0,219.19,219.69,206.09
2018/10/26,$216.3,47191700.0,215.9,220.19,212.67
2018/10/25,$219.8,29027340.0,217.71,221.38,216.75
2018/10/24,$215.09,39992120.0,222.6,224.23,214.54
2018/10/23,$222.73,38681170.0,215.83,223.25,214.7
2018/10/22,$220.65,28751540.0,219.79,223.36,218.94
2018/10/19,$219.31,32874330.0,218.06,221.26,217.43
2018/10/18,$216.02,32389280.0,217.86,219.74,213.0
2018/10/17,$221.19,22692880.0,222.3,222.64,219.34
2018/10/16,$222.15,28802550.0,218.93,222.99,216.7627
2018/10/15,$217.36,30280450.0,221.16,221.83,217.27
2018/10/12,$222.11,39494770.0,220.42,222.88,216.84
2018/10/11,$214.45,52902320.0,214.52,219.5,212.32
2018/10/10,$216.36,41084070.0,225.46,226.35,216.05
2018/10/09,$226.87,26656630.0,223.64,227.27,222.2462
2018/10/08,$223.77,28784550.0,222.21,224.8,220.2
2018/10/05,$224.29,33507770.0,227.96,228.41,220.58
2018/10/04,$227.99,31961120.0,230.78,232.35,226.73
2018/10/03,$232.07,28540490.0,230.05,233.47,229.78
2018/10/02,$229.28,24435010.0,227.25,230.0,226.63
2018/10/01,$227.26,23171020.0,227.95,229.42,226.35
2018/09/28,$225.74,22560440.0,224.79,,
2018/09/27,$224.95,29729270.0,223.82,226.44,223.54
2018/09/26,$220.42,23430370.0,221.0,223.75,219.76
2018/09/25,$222.19,22811140.0,219.75,222.82,219.7
2018/09/24,$220.79,27581270.0,216.82,221.26,216.63
2018/09/21,$217.66,95584080.0,220.78,221.36,217.29
2018/09/20,$220.03,26388050.0,220.24,222.28,219.15
2018/09/19,$218.37,26869880.0,218.5,219.62,215.3
2018/09/18,$218.24,31495630.0,217.79,221.85,217.12
2018/09/17,$217.88,36810120.0,222.15,222.95,217.27
2018/09/14,$223.84,31801970.0,225.75,226.84,222.522
2018/09/13,$226.41,41411350.0,223.52,228.35,222.57
2018/09/12,$221.07,49118510.0,224.94,225.0,219.84
2018/09/11,$223.85,35644510.0,218.01,224.299,216.56
2018/09/10,$218.33,39194720.0,220.95,221.85,216.47
2018/09/07,$221.3,37418910.0,221.85,225.37,220.71
2018/09/06,$223.1,34121240.0,226.23,227.35,221.3
2018/09/05,$226.87,33290830.0,228.99,229.67,225.1
2018/09/04,$228.36,27363960.0,228.41,229.18,226.63
2018/08/31,$227.63,43177540.0,226.51,228.87,226.0
2018/08/30,$225.03,48696960.0,223.25,228.26,222.4
2018/08/29,$222.98,27074260.0,220.15,223.49,219.41
2018/08/28,$219.7,22751390.0,219.01,220.54,218.92
2018/08/27,$217.94,20400770.0,217.15,218.74,216.33
2018/08/24,$216.16,18457720.0,216.6,216.9,215.11
2018/08/23,$215.49,18505780.0,214.65,217.05,214.6
2018/08/22,$215.05,18965930.0,214.1,216.36,213.84
2018/08/21,$215.04,25682700.0,216.8,217.19,214.025
2018/08/20,$215.46,30149410.0,218.1,219.18,215.11
2018/08/17,$217.58,35034410.0,213.44,217.95,213.16
2018/08/16,$213.32,27595310.0,211.75,213.8121,211.47
2018/08/15,$210.24,28595230.0,209.22,210.74,208.33
2018/08/14,$209.75,20679270.0,210.155,210.56,208.26
2018/08/13,$208.87,25864510.0,207.7,210.952,207.7
2018/08/10,$207.53,24592460.0,207.36,209.1,206.67
2018/08/09,$208.88,23389530.0,207.28,209.78,207.2
2018/08/08,$207.25,22493750.0,206.05,207.81,204.52
2018/08/07,$207.11,25525650.0,209.32,209.5,206.76
2018/08/06,$209.07,25396100.0,208.0,209.25,207.07
2018/08/03,$207.99,33408050.0,207.03,208.74,205.4803
2018/08/02,$207.39,62317430.0,200.58,208.38,200.35
2018/08/01,$201.5,67812280.0,199.13,201.76,197.31
2018/07/31,$190.29,37847260.0,190.3,192.14,189.34
2018/07/30,$189.91,20912890.0,191.9,192.2,189.07
2018/07/27,$190.98,23975350.0,194.99,195.19,190.1
2018/07/26,$194.21,19005150.0,194.61,195.96,193.61
2018/07/25,$194.82,16553500.0,193.06,194.85,192.43
2018/07/24,$193.0,18680930.0,192.45,193.6601,192.05
2018/07/23,$191.61,15955820.0,190.68,191.96,189.56
2018/07/20,$191.44,20670830.0,191.78,192.43,190.17
2018/07/19,$191.88,20182050.0,189.69,192.55,189.69
2018/07/18,$190.4,16365720.0,191.78,191.8,189.93
2018/07/17,$191.45,15515000.0,189.75,191.87,189.2
2018/07/16,$190.91,15009800.0,191.52,192.65,190.415
2018/07/13,$191.33,12506830.0,191.08,191.84,190.9
2018/07/12,$191.03,18000180.0,189.53,191.41,189.31
2018/07/11,$187.88,18776390.0,188.5,189.7799,187.61
2018/07/10,$190.35,15801370.0,190.71,191.28,190.1801
2018/07/09,$190.58,19636390.0,189.5,190.68,189.3
2018/07/06,$187.97,17426160.0,185.42,188.43400000000003,185.2
2018/07/05,$185.4,16543880.0,185.26,186.41,184.28
2018/07/03,$183.92,13954810.0,187.79,187.95,183.54
2018/07/02,$187.18,17675210.0,183.82,187.3,183.42
2018/06/29,$185.11,22551660.0,186.29,187.19,182.91
2018/06/28,$185.5,17352380.0,184.1,186.21,183.8
2018/06/27,$184.16,24987260.0,185.228,187.28,184.03
2018/06/26,$184.43,24378480.0,182.99,186.53,182.54
2018/06/25,$182.17,31632320.0,183.4,184.92,180.73
2018/06/22,$184.92,27185130.0,186.12,186.15,184.7
2018/06/21,$185.46,25649240.0,187.25,188.35,184.94
2018/06/20,$186.5,20490090.0,186.35,187.2,185.73
2018/06/19,$185.69,33538550.0,185.14,186.33,183.45
2018/06/18,$188.74,18458410.0,187.88,189.22,187.2
2018/06/15,$188.84,61438290.0,190.03,190.16,188.26
2018/06/14,$190.8,21584720.0,191.55,191.57,190.22
2018/06/13,$190.7,21480120.0,192.42,192.88,190.44
2018/06/12,$192.28,16859020.0,191.385,192.611,191.15
2018/06/11,$191.23,18069930.0,191.35,191.97,190.21
2018/06/08,$191.7,26580710.0,191.17,192.0,189.77
2018/06/07,$193.46,21329170.0,194.14,194.2,192.335
2018/06/06,$193.98,20912820.0,193.63,194.08,191.92
2018/06/05,$193.31,21535570.0,193.065,193.94,192.36
2018/06/04,$191.83,26190620.0,191.635,193.42,191.35
2018/06/01,$190.24,23377690.0,187.991,190.26,187.75
2018/05/31,$186.87,27468700.0,187.22,188.23,186.14
2018/05/30,$187.5,18503410.0,187.72,188.0,186.78
2018/05/29,$187.9,22409110.0,187.6,188.75,186.87
2018/05/25,$188.58,17186760.0,188.23,189.65,187.65
2018/05/24,$188.15,23129400.0,188.77,188.84,186.21
2018/05/23,$188.36,19966590.0,186.35,188.5,185.76
2018/05/22,$187.16,15228270.0,188.375,188.88,186.78
2018/05/21,$187.63,18383080.0,188.0,189.27,186.9106
2018/05/18,$186.31,18083080.0,187.19,187.8102,186.13
2018/05/17,$186.99,17014490.0,188.0,188.91,186.36
2018/05/16,$188.18,19046600.0,186.07,188.46,186.0
2018/05/15,$186.44,23639070.0,186.78,187.07,185.1
2018/05/14,$188.15,20393070.0,189.01,189.53,187.86
2018/05/11,$188.59,26167950.0,189.49,190.06,187.45
2018/05/10,$190.04,27942430.0,187.74,190.37,187.65
2018/05/09,$187.36,23141260.0,186.55,187.4,185.22
2018/05/08,$186.05,28053230.0,184.99,186.22,183.665
2018/05/07,$185.16,42557530.0,185.18,187.67,184.75
2018/05/04,$183.83,56137230.0,178.25,184.25,178.17
2018/05/03,$176.89,33944110.0,175.88,177.5,174.4411
2018/05/02,$176.57,66454720.0,175.225,177.75,173.8
2018/05/01,$169.1,52228910.0,166.41,169.2,165.27
2018/04/30,$16526.0,41976500.0,162.13,167.26,161.84
2018/04/27,$162.32,35617230.0,164.0,164.33,160.63
2018/04/26,$164.22,27850370.0,164.12,165.73,163.37
2018/04/25,$163.65,28331540.0,162.62,165.42,162.41
2018/04/24,$162.94,33674960.0,165.67,166.33,161.2201
2018/04/23,$165.24,36396590.0,166.835,166.92,164.09
2018/04/20,$165.72,65270950.0,170.595,171.2184,165.43
2018/04/19,$172.8,34693280.0,174.95,175.39,172.66
2018/04/18,$177.84,20544600.0,177.81,178.82,176.88
2018/04/17,$178.24,26575010.0,176.49,178.9365,176.41
2018/04/16,$175.82,21561320.0,175.0301,176.19,174.8301
2018/04/13,$174.73,25100510.0,174.78,175.84,173.85
2018/04/12,$174.14,22858840.0,173.41,175.0,173.04
2018/04/11,$172.44,22401040.0,172.23,173.9232,171.7
2018/04/10,$173.25,28567110.0,173.0,174.0,171.53
2018/04/09,$170.05,28976200.0,169.88,173.09,169.845
2018/04/06,$nan,,,,
2018/04/05,$172.8,26750260.0,172.58,174.2304,172.08
2018/04/04,$171.61,34581850.0,164.88,172.01,164.77
2018/04/03,$168.39,30237640.0,167.64,168.7455,164.88
2018/04/02,$166.68,37425640.0,167.88,,
2018/03/29,$167.78,38116290.0,167.805,171.75,166.9
2018/03/28,$166.48,41464880.0,167.25,170.02,165.19
2018/03/27,$168.34,39824200.0,173.68,175.15,166.92
2018/03/26,$172.77,36778560.0,168.07,173.1,166.44
2018/03/23,$164.94,40984540.0,168.39,169.92,164.94
2018/03/22,$168.85,41335980.0,170.0,172.68,168.6
2018/03/21,$171.27,36387880.0,175.04,175.09,171.26
2018/03/20,$175.24,19620520.0,175.24,176.8,174.94
2018/03/19,$175.3,32931110.0,177.32,177.47,173.66
2018/03/16,$178.02,38313330.0,178.65,179.12,177.62
2018/03/15,$178.65,22676520.0,178.5,180.24,178.0701
2018/03/14,$178.44,29334630.0,180.32,180.52,177.81
2018/03/13,$179.97,31464170.0,182.59,183.5,179.24
2018/03/12,$181.72,32191070.0,180.29,182.39,180.21
2018/03/09,$179.98,32130360.0,177.96,180.0,177.39
2018/03/08,$176.94,24518850.0,175.48,177.12,175.07
2018/03/07,$175.03,31686450.0,174.94,175.85,174.27
2018/03/06,$176.67,23273160.0,177.91,178.25,176.13
2018/03/05,$176.82,27825140.0,175.21,177.74,174.52
2018/03/02,$176.21,38426060.0,172.8,176.3,172.45
2018/03/01,$175.0,48706170.0,178.54,179.775,172.66
2018/02/28,$178.12,37568080.0,179.26,180.615,178.05
2018/02/27,$178.39,38885510.0,179.1,180.48,178.16
2018/02/26,$178.97,37353670.0,176.35,179.39,176.21
2018/02/23,$175.5,33772050.0,173.67,175.65,173.54
2018/02/22,$172.5,30953760.0,171.8,173.95,171.71
2018/02/21,$171.07,37378070.0,172.83,174.12,171.01
2018/02/20,$171.85,33690660.0,172.05,174.26,171.42
2018/02/16,$172.43,40113790.0,172.36,174.82,171.77
2018/02/15,$172.99,50908540.0,169.79,173.09,169.0
2018/02/14,$167.37,40382890.0,163.045,167.54,162.88
2018/02/13,$164.34,32483310.0,161.95,164.75,161.65
2018/02/12,$162.71,60774900.0,158.5,163.89,157.51
2018/02/09,$156.41,70583530.0,157.07,157.89,150.24
2018/02/08,$155.15,54145930.0,160.29,161.0,155.03
2018/02/07,$159.54,51467440.0,163.085,163.4,159.0685
2018/02/06,$163.03,68171940.0,154.83,163.72,154.0
2018/02/05,$156.49,72215320.0,159.1,163.88,156.0
2018/02/02,$160.5,85957050.0,166.0,166.8,160.1
2018/02/01,$167.78,44453230.0,167.165,168.62,166.76
2018/01/31,$167.43,32234520.0,166.87,168.4417,166.5
2018/01/30,$166.97,45635470.0,165.525,167.37,164.7
2018/01/29,$167.96,50565420.0,170.16,170.16,167.07
2018/01/26,$171.51,39075250.0,172.0,172.0,170.06
2018/01/25,$171.11,41438280.0,174.505,174.95,170.53
2018/01/24,$174.22,51368540.0,177.25,177.3,173.2
2018/01/23,$177.04,32395870.0,177.3,179.44,176.82
2018/01/22,$177.0,27052000.0,177.3,177.78,176.6016
2018/01/19,$178.46,31306390.0,178.61,179.58,177.41
2018/01/18,$179.26,31087330.0,179.37,180.1,178.25
2018/01/17,$179.1,34260230.0,176.15,179.25,175.07
2018/01/16,$176.19,29512410.0,177.9,179.39,176.14
2018/01/12,$177.09,25302200.0,176.18,177.36,175.65
2018/01/11,$175.28,18653380.0,174.59,175.4886,174.49
2018/01/10,$174.29,23751690.0,173.16,174.3,173.0
2018/01/09,$174.33,21532200.0,174.55,175.06,173.41
2018/01/08,$174.35,20523870.0,174.35,175.61,173.93
2018/01/05,$175.0,23589930.0,173.44,175.37,173.05
2018/01/04,$173.03,22342650.0,172.54,173.47,172.08
2018/01/03,$172.23,29461040.0,172.53,174.55,171.96
2018/01/02,$172.26,25400540.0,170.16,172.3,169.26
2017/12/29,$169.23,25938760.0,170.52,170.59,169.22
2017/12/28,$171.08,16412270.0,171.0,171.85,170.48
2017/12/27,$170.6,21477380.0,170.1,170.78,169.71
2017/12/26,$170.57,33113340.0,170.8,171.47,169.679
2017/12/22,$175.01,16339690.0,174.68,175.424,174.5
2017/12/21,$175.01,20848660.0,174.17,176.02,174.1
2017/12/20,$174.35,23451420.0,174.87,175.42,173.25
2017/12/19,$174.54,27393660.0,175.03,175.39,174.09
2017/12/18,$176.42,29385650.0,174.88,177.2,174.86
2017/12/15,$173.97,40122100.0,173.63,174.17,172.46
2017/12/14,$172.22,20442740.0,172.4,173.13,171.65
2017/12/13,$172.27,23402510.0,172.5,173.54,172.0
2017/12/12,$171.7,19088170.0,172.15,172.39,171.46099999999996
2017/12/11,$172.67,34260890.0,169.2,172.89,168.79
2017/12/08,$169.37,23285760.0,170.49,171.0,168.82
2017/12/07,$169.32,25656110.0,169.03,170.44,168.91
2017/12/06,$169.01,28397810.0,167.5,170.2047,166.46
2017/12/05,$169.64,27315530.0,169.06,171.52,168.4
2017/12/04,$169.8,32512580.0,172.48,172.62,169.63
2017/12/01,$171.05,39735110.0,169.95,171.67,168.5
2017/11/30,$171.85,41484540.0,170.43,172.14,168.44
2017/11/29,$169.48,41459120.0,172.63,172.92,167.16
2017/11/28,$173.07,26387240.0,174.3,174.87,171.86
2017/11/27,$174.09,20591090.0,175.05,175.08,173.34
2017/11/24,$174.97,14026670.0,175.1,175.5,174.6459
2017/11/22,$174.96,25558680.0,173.36,175.0,173.05
2017/11/21,$173.14,25047130.0,170.78,173.7,170.78
2017/11/20,$169.98,16041550.0,170.29,170.56,169.56
2017/11/17,$170.15,21884010.0,171.04,171.39,169.64
2017/11/16,$171.1,23598650.0,171.18,171.87,170.3
2017/11/15,$169.08,28998220.0,169.97,170.3197,168.38
2017/11/14,$171.34,24683350.0,173.04,173.48,171.18
2017/11/13,$173.97,16956290.0,173.5,174.5,173.4
2017/11/10,$174.67,25129510.0,175.11,175.38,174.27
2017/11/09,$175.88,29422610.0,175.11,176.095,173.14
2017/11/08,$176.24,24358920.0,174.66,176.24,174.33
2017/11/07,$174.81,24332120.0,173.91,175.25,173.6
2017/11/06,$174.25,34770480.0,172.365,174.99,171.72
2017/11/03,$172.5,59332210.0,174.0,174.26,171.12
2017/11/02,$168.11,39668100.0,167.64,168.5,165.28
2017/11/01,$166.89,33482970.0,169.87,169.94,165.61
2017/10/31,$169.04,35779520.0,167.9,169.6499,166.94
2017/10/30,$166.72,44651420.0,163.89,168.07,163.72
2017/10/27,$163.05,44387770.0,159.29,163.6,158.7
2017/10/26,$157.41,16916650.0,157.23,157.8295,156.78
2017/10/25,$156.41,21175670.0,156.91,157.55,155.27
2017/10/24,$157.1,17633730.0,156.29,157.42,156.2
2017/10/23,$156.17,21888930.0,156.89,157.69,155.5
2017/10/20,$nan,,,,
2017/10/19,$155.98,42357420.0,156.75,157.08,155.02
2017/10/18,$159.76,16252850.0,160.42,160.71,159.6
2017/10/17,$160.47,18969700.0,159.78,160.87,159.23
2017/10/16,$159.88,24093300.0,157.9,160.0,157.65
2017/10/13,$156.99,16367780.0,156.73,157.28,156.41
2017/10/12,$156.0,16380570.0,156.35,157.37,155.7299
2017/10/11,$156.55,16861450.0,155.97,156.98,155.75
2017/10/10,$155.9,15603520.0,156.055,158.0,155.1
2017/10/09,$155.84,16243080.0,155.81,156.73,155.485
2017/10/06,$155.3,17223790.0,154.97,155.49,154.56
2017/10/05,$155.39,21215870.0,154.18,155.44,154.05
2017/10/04,$153.48,20088940.0,153.63,153.86,152.46
2017/10/03,$154.48,16216800.0,154.01,155.09,153.91
2017/10/02,$153.81,18631540.0,154.26,154.45,152.72
2017/09/29,$154.12,26204670.0,153.21,154.13,152.0
2017/09/28,$153.28,21983410.0,153.89,154.28,152.7
2017/09/27,$154.23,25402270.0,153.8,,
2017/09/26,$153.14,35907770.0,151.78,153.92,151.69
2017/09/25,$150.55,44366140.0,149.99,151.83,149.16
2017/09/22,$151.89,46575410.0,152.02,152.27,150.56
2017/09/21,$153.39,37350060.0,155.8,155.8,152.75
2017/09/20,$156.07,52126240.0,157.9,158.26,153.83
2017/09/19,$158.73,20565620.0,159.51,159.77,158.44
2017/09/18,$158.67,28157630.0,160.11,160.5,157.995
2017/09/15,$159.88,48846060.0,158.47,160.97,158.0
2017/09/14,$158.28,23637310.0,158.99,159.4,158.09
2017/09/13,$159.65,44866280.0,159.87,159.96,157.91
2017/09/12,$160.86,71574560.0,162.61,163.96,158.77
2017/09/11,$161.5,31506890.0,160.5,162.05,159.89
2017/09/08,$158.63,28411740.0,160.86,161.15,158.53
2017/09/07,$161.26,21905160.0,162.09,162.24,160.36
2017/09/06,$161.91,21610300.0,162.71,162.99,160.52
2017/09/05,$162.08,29491910.0,163.75,164.25,160.56
2017/09/01,$164.05,16564340.0,164.8,164.94,163.63
2017/08/31,$164.0,26729940.0,163.64,164.52,163.48
2017/08/30,$163.35,27215770.0,163.8,163.89,162.61
2017/08/29,$162.91,29451050.0,160.1,163.12,160.0
2017/08/28,$161.47,25649890.0,160.14,162.0,159.93
2017/08/25,$159.86,25184600.0,159.65,160.56,159.27
2017/08/24,$159.27,19782170.0,160.43,160.74,158.55
2017/08/23,$159.98,19376940.0,159.07,160.47,158.88
2017/08/22,$159.78,21564890.0,158.23,160.0,158.02
2017/08/21,$157.21,26330070.0,157.5,157.89,155.1101
2017/08/18,$157.5,27391950.0,157.86,159.5,156.72
2017/08/17,$157.86,27377960.0,160.52,160.71,157.84
2017/08/16,$160.95,27607370.0,161.94,162.51,160.15
2017/08/15,$161.6,29377630.0,160.66,162.195,160.14
2017/08/14,$159.85,22074760.0,159.32,160.21,158.75
2017/08/11,$157.48,26208970.0,156.6,158.5728,156.07
2017/08/10,$155.32,39636190.0,159.9,160.0,154.63
2017/08/09,$161.06,26060430.0,159.26,161.27,159.11
2017/08/08,$160.08,36127490.0,158.6,161.83,158.27
2017/08/07,$158.81,21827400.0,157.06,158.92,156.6701
2017/08/04,$156.39,20514810.0,156.07,157.4,155.69
2017/08/03,$155.57,26604140.0,157.05,157.21,155.02
2017/08/02,$157.14,69726440.0,159.28,159.75,156.16
2017/08/01,$150.05,33669020.0,149.1,150.22,148.41
2017/07/31,$148.73,19690420.0,149.9,150.33,148.13
2017/07/28,$149.5,17192770.0,149.89,150.23,149.19
2017/07/27,$150.56,32429770.0,153.75,153.99,147.3
2017/07/26,$153.46,15649120.0,153.35,153.93,153.06
2017/07/25,$152.74,18798250.0,151.8,153.84,151.8
2017/07/24,$152.09,21466370.0,150.58,152.44,149.9
2017/07/21,$150.27,25111310.0,149.99,150.44,148.88
2017/07/20,$150.34,17170490.0,151.5,151.74,150.19
2017/07/19,$151.02,20859830.0,150.48,151.42,149.95
2017/07/18,$150.08,17837130.0,149.2,150.13,148.67
2017/07/17,$149.56,23765710.0,148.82,150.9,148.57
2017/07/14,$149.04,20117070.0,147.97,149.33,147.33
2017/07/13,$147.77,25080500.0,145.5,148.49,145.44
2017/07/12,$145.74,24833800.0,145.87,146.18,144.82
2017/07/11,$145.53,18647220.0,144.73,145.85,144.38
2017/07/10,$145.06,21080580.0,144.11,145.95,143.37
2017/07/07,$144.18,18527000.0,142.9,144.75,142.9
2017/07/06,$142.73,24110330.0,143.02,143.5,142.41
2017/07/05,$144.09,21550270.0,143.69,144.79,142.7237
2017/07/03,$143.5,14277850.0,144.88,145.3001,143.1
2017/06/30,$144.02,22986960.0,144.45,144.96,143.78
2017/06/29,$143.68,31450520.0,144.71,145.13,142.28
2017/06/28,$145.83,22052920.0,144.49,146.11,143.1601
2017/06/27,$143.73,24725210.0,145.01,146.16,143.62
2017/06/26,$145.82,25674500.0,147.17,148.28,145.38
2017/06/23,$146.28,35421310.0,145.13,147.16,145.11
2017/06/22,$145.63,19082170.0,145.77,146.7,145.1199
2017/06/21,$145.87,21247590.0,145.52,146.0693,144.61
2017/06/20,$145.01,24877950.0,146.87,146.87,144.94
2017/06/19,$146.34,32203640.0,143.66,146.74,143.66
2017/06/16,$142.27,50264540.0,143.78,144.5,142.2
2017/06/15,$144.29,31642900.0,143.32,144.4798,142.21
2017/06/14,$145.16,31454590.0,147.5,147.5,143.84
2017/06/13,$146.59,34089190.0,147.16,147.45,145.15
2017/06/12,$145.42,72187710.0,145.74,146.09,142.51
2017/06/09,$148.98,64782910.0,155.19,155.19,146.02
2017/06/08,$154.99,21144040.0,155.25,155.54,154.4
2017/06/07,$155.37,21017560.0,155.02,155.98,154.48
2017/06/06,$154.45,26591850.0,153.9,155.81,153.78
2017/06/05,$153.93,25277680.0,154.34,154.45,153.46
2017/06/02,$155.45,27715140.0,153.58,155.45,152.89
2017/06/01,$153.18,16383610.0,153.17,153.33,152.22
2017/05/31,$152.76,24452750.0,153.97,154.17,152.38
2017/05/30,$153.67,20118620.0,153.42,154.43,153.33
2017/05/26,$153.61,21895020.0,154.0,154.24,153.31
2017/05/25,$153.87,19217810.0,153.73,154.35,153.03
2017/05/24,$153.34,19201820.0,153.84,154.17,152.67
2017/05/23,$153.8,19906170.0,154.9,154.9,153.31
2017/05/22,$153.99,22930630.0,154.0,154.58,152.91
2017/05/19,$153.06,26892850.0,153.38,153.98,152.63
2017/05/18,$152.54,33520150.0,151.27,153.34,151.13
2017/05/17,$150.25,50674280.0,153.6,154.57,149.71
2017/05/16,$155.47,19994270.0,155.94,156.06,154.72
2017/05/15,$155.7,25912270.0,156.01,156.65,155.05
2017/05/12,$156.1,32493770.0,154.7,156.42,154.67
2017/05/11,$153.95,27236290.0,152.45,154.07,152.31
2017/05/10,$153.26,25779060.0,153.63,153.94,152.11
2017/05/09,$153.99,38907940.0,153.87,154.88,153.45
2017/05/08,$153.01,48670440.0,149.03,153.7,149.03
2017/05/05,$148.96,27254850.0,146.76,148.98,146.76
2017/05/04,$nan,,,,
2017/05/03,$147.06,45579740.0,145.59,147.49,144.27
2017/05/02,$147.51,44182930.0,147.54,148.09,146.84
2017/05/01,$146.58,33498270.0,145.1,147.2,144.96
2017/04/28,$143.65,20783460.0,144.09,144.3,143.27
2017/04/27,$143.79,14198660.0,143.923,144.16,143.31
2017/04/26,$143.68,19998050.0,144.47,144.6,143.3762
2017/04/25,$144.53,18325720.0,143.91,,
2017/04/24,$143.64,17117710.0,143.5,143.95,143.18
2017/04/21,$142.27,17290900.0,142.44,142.68,141.85
2017/04/20,$142.44,23294040.0,141.22,142.92,141.16
2017/04/19,$140.68,17302160.0,141.88,142.0,140.45
2017/04/18,$141.2,14676420.0,141.41,142.04,141.11
2017/04/17,$141.83,16529130.0,141.48,141.88,140.87
2017/04/13,$141.05,17775510.0,141.91,142.38,141.05
2017/04/12,$141.8,20320420.0,141.6,142.15,141.01
2017/04/11,$14163.0,30341520.0,142.94,143.35,140.06
2017/04/10,$nan,,,,
2017/04/07,$143.34,16658660.0,143.73,144.18,143.27
2017/04/06,$143.66,21131040.0,144.29,144.52,143.45
2017/04/05,$144.02,27649500.0,144.22,145.46,143.81
2017/04/04,$144.77,19865300.0,143.25,144.89,143.17
2017/04/03,$143.7,19970040.0,143.71,144.12,143.05
2017/03/31,$143.66,19576480.0,143.72,144.27,143.01
2017/03/30,$143.93,21189000.0,144.19,144.5,143.5
2017/03/29,$144.12,29174040.0,143.68,144.49,143.19
2017/03/28,$143.8,33348400.0,140.91,144.04,140.62
2017/03/27,$14088.0,23531670.0,139.39,141.22,138.62
2017/03/24,$140.64,22355140.0,141.5,141.74,140.35
2017/03/23,$140.92,20299310.0,141.26,141.5844,140.61
2017/03/22,$141.42,25804820.0,139.845,141.6,139.76
2017/03/21,$139.84,39461130.0,142.11,142.8,139.73
2017/03/20,$141.46,21258100.0,140.4,141.5,140.23
2017/03/17,$139.99,43700570.0,141.0,141.0,139.89
2017/03/16,$140.69,19173780.0,140.72,141.02,140.26
2017/03/15,$140.46,25676720.0,139.41,140.7501,139.025
2017/03/14,$138.99,15281850.0,139.3,139.65,138.84
2017/03/13,$139.2,17048800.0,138.85,139.43,138.82
2017/03/10,$139.14,19578920.0,139.25,139.3571,138.64
2017/03/09,$138.68,22117750.0,138.74,138.79,137.05
2017/03/08,$139.0,18695500.0,138.95,139.8,138.82
2017/03/07,$139.52,17439210.0,139.06,139.98,138.79
2017/03/06,$139.34,21229890.0,139.365,139.77,138.5959
2017/03/03,$139.78,21555370.0,138.78,139.83,138.59
2017/03/02,$138.96,26170690.0,140.0,140.2786,138.76
2017/03/01,$139.79,36362440.0,137.89,140.15,137.595
2017/02/28,$136.99,23446340.0,137.08,137.435,136.7
2017/02/27,$136.93,20222210.0,137.14,137.435,136.28
2017/02/24,$136.66,21754600.0,135.91,136.66,135.28
2017/02/23,$136.53,20762360.0,137.38,137.48,136.3
2017/02/22,$137.11,20769030.0,136.43,137.12,136.11
2017/02/21,$136.7,24487200.0,136.23,136.75,135.98
2017/02/17,$135.72,22163280.0,135.1,135.83,135.1
2017/02/16,$135.345,22539860.0,135.67,135.9,134.8398
2017/02/15,$135.51,35578640.0,135.52,136.27,134.62
2017/02/14,$135.02,33054500.0,133.47,135.09,133.25
2017/02/13,$133.29,22989980.0,133.08,133.82,132.75
2017/02/10,$132.12,20046250.0,132.46,132.94,132.05
2017/02/09,$132.42,28321440.0,131.65,132.445,131.12
2017/02/08,$132.04,22941650.0,131.35,132.22,131.22
2017/02/07,$131.53,38158410.0,130.54,132.09,130.45
2017/02/06,$130.29,26784530.0,129.13,130.5,128.9
2017/02/03,$129.08,24460160.0,128.31,129.19,128.16
2017/02/02,$128.53,33671250.0,127.975,129.39,127.78
2017/02/01,$128.75,111837300.0,127.03,130.49,127.01
2017/01/31,$121.35,47767760.0,121.15,121.39,120.62
2017/01/30,$121.63,30327110.0,120.93,121.63,120.66
2017/01/27,$121.95,20495340.0,122.14,122.35,121.6
2017/01/26,$121.94,26320740.0,121.67,122.44,121.6
2017/01/25,$121.88,32417410.0,120.42,122.1,120.28
2017/01/24,$119.97,23191150.0,119.55,120.1,119.5
2017/01/23,$120.08,21982000.0,120.0,120.81,119.77
2017/01/20,$120.0,29922650.0,120.45,120.45,119.7346
2017/01/19,$119.78,25554290.0,119.4,120.09,119.37
2017/01/18,$119.99,23687350.0,120.0,120.5,119.71
2017/01/17,$120.0,34412090.0,118.34,120.24,118.22
2017/01/13,$119.04,26083030.0,119.11,119.62,118.81
2017/01/12,$119.25,27057550.0,118.895,119.3,118.21
2017/01/11,$119.75,27453130.0,118.74,,
2017/01/10,$119.11,24432660.0,118.77,119.38,118.3
2017/01/09,$118.99,33420290.0,117.95,119.43,117.94
2017/01/06,$117.91,31714820.0,116.78,118.16,116.47
2017/01/05,$116.61,22115100.0,115.92,116.8642,115.81
2017/01/04,$116.02,21081620.0,115.85,116.51,115.75
2017/01/03,$116.15,28769220.0,115.8,116.33,114.76
2016/12/30,$115.82,30555900.0,116.65,117.2,115.43
2016/12/29,$116.73,14979680.0,116.45,117.1095,116.4
2016/12/28,$116.76,20686510.0,117.52,118.0166,116.2
2016/12/27,$117.26,18131970.0,116.52,117.8,116.49
2016/12/23,$116.52,14244050.0,115.59,116.52,115.59
2016/12/22,$116.29,26043820.0,116.35,116.51,115.64
2016/12/21,$117.06,23724430.0,116.8,117.4,116.78
2016/12/20,$116.95,21337310.0,116.74,117.5,116.68
2016/12/19,$116.64,27756760.0,115.8,117.38,115.75
2016/12/16,$115.97,44284660.0,116.47,116.5,115.645
2016/12/15,$115.82,46286150.0,115.38,116.73,115.23
2016/12/14,$115.19,33962370.0,115.04,116.2,114.98
2016/12/13,$115.19,43293350.0,113.84,115.92,113.75
2016/12/12,$113.3,26176690.0,113.29,115.0,112.49
2016/12/09,$113.95,34324350.0,112.31,114.7,112.31
2016/12/08,$112.12,27049830.0,110.86,112.43,110.6
2016/12/07,$111.03,29976030.0,109.26,111.19,109.16
2016/12/06,$109.95,26160560.0,109.5,110.36,109.19
2016/12/05,$109.11,34113880.0,110.0,110.03,108.25
2016/12/02,$109.9,26481320.0,109.17,110.09,108.85
2016/12/01,$109.49,37034520.0,110.365,110.94,109.03
2016/11/30,$110.52,36151450.0,111.6,112.2,110.27
2016/11/29,$111.46,28507780.0,110.78,112.03,110.07
2016/11/28,$111.57,27054320.0,111.43,112.465,111.39
2016/11/25,$111.79,11475920.0,111.13,111.87,110.95
2016/11/23,$111.23,27420550.0,111.36,111.51,110.33
2016/11/22,$111.8,25931710.0,111.95,112.42,111.4
2016/11/21,$111.73,29164190.0,110.12,111.99,110.01
2016/11/18,$110.06,28310840.0,109.72,110.54,109.66
2016/11/17,$109.95,27623150.0,109.81,110.35,108.83
2016/11/16,$109.99,58724080.0,106.7,110.23,106.6
2016/11/15,$107.11,32230590.0,106.57,107.68,106.1593
2016/11/14,$105.71,50901380.0,107.71,107.809,104.08
2016/11/11,$108.43,34117030.0,107.12,108.87,106.55
2016/11/10,$107.79,57097740.0,111.09,111.09,105.83
2016/11/09,$110.88,59118740.0,109.88,111.32,108.05
2016/11/08,$111.06,24129630.0,110.31,111.72,109.7
2016/11/07,$110.41,32361930.0,110.08,110.51,109.46
2016/11/04,$108.84,30790930.0,108.53,110.25,108.11
2016/11/03,$109.83,26538700.0,110.98,111.46,109.55
2016/11/02,$11159.0,28174980.0,111.4,112.35,111.23
2016/11/01,$111.49,43403760.0,113.46,113.77,110.53
2016/10/31,$113.54,26378910.0,113.65,114.23,113.2
2016/10/28,$113.72,36792100.0,113.87,115.21,113.45
2016/10/27,$114.48,31396130.0,115.39,115.86,114.1
2016/10/26,$115.59,66028640.0,114.31,115.7,113.31
2016/10/25,$118.25,46820600.0,117.95,118.36,117.31
2016/10/24,$117.65,23492650.0,117.1,117.74,117.0
2016/10/21,$116.6,22527690.0,116.81,116.91,116.28
2016/10/20,$117.06,24100150.0,116.86,117.38,116.33
2016/10/19,$117.12,19977160.0,117.25,117.76,113.8
2016/10/18,$117.47,24308210.0,118.18,118.21,117.45
2016/10/17,$117.55,23583810.0,117.33,117.84,116.78
2016/10/14,$117.63,35626020.0,117.88,118.17,117.13
2016/10/13,$116.98,35041820.0,116.79,117.44,115.72
2016/10/12,$117.34,37512930.0,117.35,117.98,116.75
2016/10/11,$116.3,63963010.0,117.7,118.69,116.2
2016/10/10,$116.05,36087910.0,115.02,116.75,114.72
2016/10/07,$114.06,24336440.0,114.31,114.56,113.51
2016/10/06,$113.89,28508710.0,113.7,114.34,113.13
2016/10/05,$113.05,21400410.0,113.4,113.66,112.69
2016/10/04,$113.0,29707270.0,113.06,114.31,112.63
2016/10/03,$112.52,21634520.0,112.71,113.05,112.28
2016/09/30,$113.05,36340670.0,112.46,113.37,111.8
2016/09/29,$112.18,35850010.0,113.16,113.8,111.8
2016/09/28,$113.95,29608390.0,113.69,114.64,113.43
2016/09/27,$113.09,24587490.0,113.0,113.18,112.34
2016/09/26,$112.88,29800240.0,111.64,113.39,111.55
2016/09/23,$112.71,52411070.0,114.42,114.79,111.55
2016/09/22,$114.62,31048170.0,114.35,114.94,114.0
2016/09/21,$113.55,35951900.0,113.85,113.989,112.441
2016/09/20,$113.57,34494150.0,113.05,114.12,112.51
2016/09/19,$113.58,46937190.0,115.19,116.18,113.25
2016/09/16,$11492.0,79763890.0,115.12,116.13,114.04
2016/09/15,$115.57,90398170.0,113.86,115.73,113.49
2016/09/14,$111.77,111186900.0,108.73,113.03,108.6
2016/09/13,$107.95,62080160.0,107.51,108.79,107.24
2016/09/12,$105.44,45114590.0,102.65,105.72,102.53
2016/09/09,$103.13,46461610.0,104.64,105.72,103.13
2016/09/08,$105.52,52955310.0,107.25,107.27,105.24
2016/09/07,$108.36,42250480.0,107.83,108.76,107.07
2016/09/06,$107.7,26645130.0,107.9,108.3,107.51
2016/09/02,$107.73,26393770.0,107.7,108.0,106.82
2016/09/01,$106.73,26675250.0,106.14,106.8,105.62
2016/08/31,$106.1,31639010.0,105.66,106.5699,105.64
2016/08/30,$106.0,24817940.0,105.8,106.5,105.5
2016/08/29,$106.82,24900130.0,106.62,107.44,106.29
2016/08/26,$106.94,27744300.0,107.41,107.95,106.31
2016/08/25,$107.57,25001730.0,107.39,107.88,106.68
2016/08/24,$108.03,23606240.0,108.565,108.75,107.68
2016/08/23,$108.85,21236850.0,108.59,109.32,108.53
2016/08/22,$108.51,25784420.0,108.86,109.1,107.85
2016/08/19,$109.36,25108890.0,108.77,109.69,108.36
2016/08/18,$109.08,21918340.0,109.23,109.6,109.02
2016/08/17,$109.22,25328680.0,109.1,109.37,108.34
2016/08/16,$109.38,33754680.0,109.63,110.23,109.21
2016/08/15,$109.48,25704330.0,108.14,109.54,108.08
2016/08/12,$108.18,18648700.0,107.78,108.44,107.78
2016/08/11,$107.93,27460070.0,108.52,108.93,107.85
2016/08/10,$108.0,23839880.0,108.71,108.9,107.76
2016/08/09,$108.81,26296260.0,108.23,108.94,108.01
2016/08/08,$108.37,28010430.0,107.52,108.37,107.16
2016/08/05,$107.48,39546610.0,106.27,107.65,106.18
2016/08/04,$105.87,26781730.0,105.58,106.0,105.28
2016/08/03,$105.79,30148360.0,104.81,105.84,104.77
2016/08/02,$104.48,33770220.0,106.05,106.07,104.0
2016/08/01,$106.05,38018910.0,104.41,106.15,104.41
2016/07/29,$104.21,27697970.0,104.19,104.55,103.68
2016/07/28,$104.34,38771840.0,102.83,104.45,102.82
2016/07/27,$102.95,92143920.0,104.265,104.35,102.75
2016/07/26,$96.67,53454620.0,96.82,97.97,96.42
2016/07/25,$97.34,40290580.0,98.25,98.84,96.92
2016/07/22,$98.66,28218240.0,99.26,99.3,98.31
2016/07/21,$99.43,32690080.0,99.83,101.0,99.13
2016/07/20,$99.96,26219110.0,100.0,100.46,99.735
2016/07/19,$99.87,23766360.0,99.56,100.0,99.34
2016/07/18,$99.83,36464530.0,98.7,100.13,98.6
2016/07/15,$98.78,30031410.0,98.92,99.3,98.5
2016/07/14,$98.79,38885980.0,97.39,98.99,97.32
2016/07/13,$96.87,25879680.0,97.41,97.67,96.84
2016/07/12,$97.42,24129530.0,97.17,97.7,97.12
2016/07/11,$96.98,23317990.0,96.75,97.65,96.73
2016/07/08,$96.68,28877500.0,96.49,96.89,96.05
2016/07/07,$95.94,24460850.0,95.7,96.5,95.62
2016/07/06,$95.53,30877540.0,94.6,95.66,94.37
2016/07/05,$94.99,27553750.0,95.39,95.4,94.46
2016/07/01,$95.89,25982080.0,95.49,96.465,95.33
2016/06/30,$95.6,35783320.0,94.44,95.77,94.3
2016/06/29,$94.4,36505420.0,93.97,94.55,93.63
2016/06/28,$93.59,40387960.0,92.9,93.66,92.14
2016/06/27,$92.04,45595680.0,93.0,93.05,91.5
2016/06/24,$93.4,75219710.0,92.91,94.655,92.65
2016/06/23,$96.1,32042290.0,95.94,96.29,95.25
2016/06/22,$95.55,29124140.0,96.25,96.89,95.35
2016/06/21,$95.91,35407050.0,94.94,96.35,94.676
2016/06/20,$95.1,34355970.0,96.0,96.57,95.03
2016/06/17,$95.33,60793260.0,96.62,96.65,95.3
2016/06/16,$97.55,31251870.0,96.45,97.75,96.07
2016/06/15,$97.14,29373050.0,97.82,98.41,97.03
2016/06/14,$97.46,31890740.0,97.32,98.475,96.75
2016/06/13,$97.34,37708360.0,98.69,99.12,97.1
2016/06/10,$98.83,31672220.0,98.53,99.3457,98.48
2016/06/09,$99.65,26575570.0,98.5,99.99,98.46
2016/06/08,$98.94,20839950.0,99.02,99.56,98.68
2016/06/07,$99.03,22378380.0,99.25,99.87,98.96
2016/06/06,$98.63,23265200.0,97.99,101.89,97.55
2016/06/03,$97.92,28487570.0,97.79,98.27,97.45
2016/06/02,$97.72,40170200.0,97.6,97.84,96.63
2016/06/01,$98.46,29139100.0,99.02,99.54,98.33
2016/05/31,$99.86,42268040.0,99.6,100.4,98.82
2016/05/27,$100.35,36299460.0,99.44,100.47,99.245
2016/05/26,$100.41,56293490.0,99.68,100.73,98.64
2016/05/25,$99.62,38258300.0,98.67,99.74,98.11
2016/05/24,$97.9,35074380.0,97.22,98.09,96.84
2016/05/23,$96.43,37977020.0,95.87,97.19,95.67
2016/05/20,$95.22,31834020.0,94.64,95.43,94.52
2016/05/19,$94.2,30417880.0,94.64,94.64,93.57
2016/05/18,$94.56,42009830.0,94.16,95.21,93.89
2016/05/17,$93.49,46858910.0,94.55,94.7,93.01
2016/05/16,$93.88,61192340.0,92.39,94.39,91.65
2016/05/13,$90.52,44223040.0,90.0,91.67,90.0
2016/05/12,$90.34,76183460.0,92.72,92.78,89.47
2016/05/11,$92.51,28641180.0,93.48,93.57,92.46
2016/05/10,$93.42,33653020.0,93.33,93.57,92.11
2016/05/09,$92.79,32895650.0,93.0,93.77,92.59
2016/05/06,$92.72,43665160.0,93.37,93.45,91.85
2016/05/05,$93.24,35850220.0,94.0,94.07,92.68
2016/05/04,$94.19,40984160.0,95.2,95.9,93.82
2016/05/03,$95.18,56770080.0,94.2,95.74,93.68
2016/05/02,$93.64,47844490.0,93.965,94.08,92.4
2016/04/29,$93.74,68388840.0,93.99,94.72,92.51
2016/04/28,$94.83,82107120.0,97.61,97.88,94.25
2016/04/27,$97.82,114436300.0,96.0,98.71,95.68
2016/04/26,$104.35,52979780.0,103.91,105.3,103.91
2016/04/25,$105.08,27997990.0,105.0,105.65,104.51
2016/04/22,$105.68,33655810.0,105.01,106.48,104.62
2016/04/21,$105.97,31416910.0,106.93,106.93,105.52
2016/04/20,$107.13,30576980.0,106.64,108.09,106.06
2016/04/19,$106.91,32340620.0,107.88,108.0,106.23
2016/04/18,$107.48,60784920.0,108.89,108.95,106.94
2016/04/15,$109.85,46873670.0,112.11,112.3,109.73
2016/04/14,$112.1,25364920.0,111.62,112.39,111.33
2016/04/13,$112.04,32771760.0,110.8,112.34,110.8
2016/04/12,$110.44,27150570.0,109.34,110.5,108.66
2016/04/11,$109.02,29357940.0,108.97,110.61,108.83
2016/04/08,$108.66,23553790.0,108.91,109.77,108.17
2016/04/07,$108.54,31735810.0,109.95,110.42,108.121
2016/04/06,$110.96,26178840.0,110.23,110.98,109.2
2016/04/05,$109.81,26560420.0,109.51,110.73,109.42
2016/04/04,$111.12,37322930.0,110.42,112.19,110.27
2016/04/01,$109.99,25820460.0,108.78,110.0,108.2
2016/03/31,$108.99,25763840.0,109.72,109.9,108.88
2016/03/30,$109.56,45547590.0,108.65,110.42,108.6
2016/03/29,$107.68,31154910.0,104.89,107.79,104.88
2016/03/28,$105.19,19354440.0,106.0,106.19,105.06
2016/03/24,$105.67,25568350.0,105.47,106.25,104.89
2016/03/23,$106.13,25686350.0,106.48,107.07,105.9
2016/03/22,$106.72,32345430.0,105.25,107.29,105.21
2016/03/21,$105.91,35454230.0,105.93,107.65,105.1401
2016/03/18,$105.92,43607120.0,106.34,106.5,105.19
2016/03/17,$105.8,34394830.0,105.52,106.47,104.96
2016/03/16,$105.97,38236730.0,104.61,106.31,104.59
2016/03/15,$104.58,40026250.0,103.96,105.18,103.85
2016/03/14,$102.52,25058280.0,101.91,102.91,101.78
2016/03/11,$102.26,27368840.0,102.24,102.28,101.5
2016/03/10,$101.17,33490630.0,101.41,102.24,100.15
2016/03/09,$101.12,27148530.0,101.31,101.58,100.27
2016/03/08,$101.03,31538710.0,100.78,101.76,100.4
2016/03/07,$101.87,35890740.0,102.39,102.83,100.96
2016/03/04,$103.01,46026600.0,102.37,103.75,101.37
2016/03/03,$101.5,36884490.0,100.58,101.7099,100.45
2016/03/02,$100.75,33136130.0,100.51,100.89,99.64
2016/03/01,$100.53,50303500.0,97.65,100.77,97.42
2016/02/29,$96.69,35131460.0,96.86,98.23,96.65
2016/02/26,$96.91,28949760.0,97.2,98.0237,96.58
2016/02/25,$96.76,27526040.0,96.05,96.76,95.25
2016/02/24,$96.1,36192150.0,93.98,96.38,93.32
2016/02/23,$94.69,31851180.0,96.4,96.5,94.55
2016/02/22,$96.88,34240470.0,96.31,96.9,95.92
2016/02/19,$96.04,35290570.0,96.0,96.7599,95.8
2016/02/18,$96.26,38866100.0,98.84,98.89,96.091
2016/02/17,$98.12,44811800.0,96.67,98.21,96.15
2016/02/16,$96.64,48032600.0,95.02,96.85,94.61
2016/02/12,$93.99,40323020.0,94.19,94.5,93.01
2016/02/11,$93.7,49979700.0,93.79,94.72,92.59
2016/02/10,$94.27,42288790.0,95.92,96.35,94.1
2016/02/09,$94.99,44282560.0,94.29,95.94,93.93
2016/02/08,$95.01,53920550.0,93.13,95.7,93.04
2016/02/05,$94.02,46315620.0,96.52,96.92,93.69
2016/02/04,$96.6,46418230.0,95.86,97.33,95.19
2016/02/03,$96.35,45870130.0,95.0,96.84,94.08
2016/02/02,$94.48,37190500.0,95.42,96.04,94.28
2016/02/01,$96.43,40814360.0,96.47,96.71,95.4
2016/01/29,$97.34,64332440.0,94.79,97.34,94.35
2016/01/28,$94.09,55622370.0,93.79,94.52,92.39
2016/01/27,$93.42,133059000.0,96.04,96.6289,93.34
2016/01/26,$99.99,71937310.0,99.93,100.88,98.07
2016/01/25,$99.44,51529980.0,101.52,101.53,99.21
2016/01/22,$101.42,65648660.0,98.63,101.46,98.37
2016/01/21,$96.3,52099200.0,97.06,97.88,94.94
2016/01/20,$96.79,72274300.0,95.1,98.1897,93.42
2016/01/19,$96.66,52960810.0,98.41,98.65,95.5
2016/01/15,$97.13,79356010.0,96.2,97.71,95.36
2016/01/14,$99.52,63000140.0,97.96,100.48,95.74
2016/01/13,$97.39,62285770.0,100.32,101.19,97.3
2016/01/12,$99.96,49046150.0,100.55,100.69,98.8399
2016/01/11,$98.53,49687870.0,98.97,99.06,97.34
2016/01/08,$96.96,70722000.0,98.55,99.11,96.76
2016/01/07,$96.45,80742460.0,98.68,100.13,96.43
2016/01/06,$100.7,68384270.0,100.56,102.37,99.87
2016/01/05,$102.71,55583140.0,105.75,105.85,102.41
2016/01/04,$105.35,67569090.0,102.61,105.368,102.0
2015/12/31,$105.26,40885480.0,107.01,107.03,104.82
2015/12/30,$107.32,25184090.0,108.58,108.7,107.18
2015/12/29,$108.74,30912260.0,106.96,109.43,106.86
2015/12/28,$106.82,26639930.0,107.59,107.69,106.1807
2015/12/24,$108.03,13596680.0,109.0,109.0,107.95
2015/12/23,$108.61,32618140.0,107.27,108.85,107.2
2015/12/22,$107.23,32728460.0,107.4,107.72,106.451
2015/12/21,$107.33,47507230.0,107.28,107.37,105.57
2015/12/18,$106.03,96197190.0,108.91,109.52,105.81
2015/12/17,$108.98,44654830.0,112.02,112.25,108.98
2015/12/16,$111.34,56157370.0,111.07,111.99,108.8
2015/12/15,$110.49,53168580.0,111.94,112.8,110.35
2015/12/14,$112.48,64678220.0,112.18,112.68,109.79
2015/12/11,$113.18,46810020.0,115.19,115.39,112.851
2015/12/10,$116.17,29158640.0,116.04,116.94,115.51
2015/12/09,$115.62,46301930.0,117.64,117.69,115.08
2015/12/08,$118.23,34275420.0,117.52,118.6,116.86
2015/12/07,$118.28,32063100.0,118.98,119.86,117.81
2015/12/04,$119.03,57717870.0,115.29,119.25,115.11
2015/12/03,$115.2,41511380.0,116.55,116.79,114.22
2015/12/02,$116.28,33316990.0,117.05,118.11,116.08
2015/12/01,$117.34,34806250.0,118.75,118.81,116.86
2015/11/30,$118.3,38063130.0,117.99,119.41,117.75
2015/11/27,$117.81,13046450.0,118.29,118.41,117.6
2015/11/25,$118.03,21341960.0,119.21,119.23,117.92
2015/11/24,$118.88,42747950.0,117.33,119.35,117.12
2015/11/23,$117.75,32445680.0,119.27,119.73,117.34
2015/11/20,$119.3,34135230.0,119.2,119.92,118.85
2015/11/19,$118.78,43233950.0,117.64,119.75,116.76
2015/11/18,$117.29,46559730.0,115.76,117.49,115.5
2015/11/17,$113.69,27584020.0,114.92,115.05,113.32
2015/11/16,$114.175,37979570.0,111.38,114.24,111.0
2015/11/13,$112.34,45555300.0,115.2,115.57,112.27
2015/11/12,$115.72,32461350.0,116.26,116.82,115.65
2015/11/11,$116.11,45179400.0,116.37,117.42,115.21
2015/11/10,$116.77,59029400.0,116.9,118.07,116.061
2015/11/09,$120.57,33829290.0,120.96,121.81,120.05
2015/11/06,$121.06,33009110.0,121.11,121.81,120.62
2015/11/05,$120.92,39483400.0,121.85,122.69,120.18
2015/11/04,$122.0,44829060.0,123.13,123.82,121.62
2015/11/03,$122.57,45479260.0,120.79,123.49,120.7
2015/11/02,$121.18,32152870.0,119.87,121.36,119.61
2015/10/30,$119.5,49305220.0,120.99,121.22,119.45
2015/10/29,$120.53,51106100.0,118.7,120.69,118.27
2015/10/28,$119.27,85436210.0,116.93,119.3,116.06
2015/10/27,$114.55,67673450.0,115.4,116.54,113.99
2015/10/26,$115.28,66139770.0,118.08,118.13,114.92
2015/10/23,$119.08,59251740.0,116.7,119.228,116.33
2015/10/22,$115.5,41430660.0,114.33,115.5,114.1
2015/10/21,$113.76,42276880.0,114.0,115.58,113.7
2015/10/20,$113.77,48929200.0,111.34,114.17,110.82
2015/10/19,$111.73,29723750.0,110.8,111.75,110.11
2015/10/16,$111.04,38794930.0,111.78,112.0,110.53
2015/10/15,$111.86,37622200.0,110.93,112.1,110.49
2015/10/14,$110.21,44434220.0,111.29,111.52,109.56
2015/10/13,$111.79,32970790.0,110.82,112.45,110.68
2015/10/12,$111.6,30386830.0,112.73,112.75,111.44
2015/10/09,$112.12,52720620.0,110.0,112.28,109.49
2015/10/08,$109.5,61747260.0,110.19,110.19,108.21
2015/10/07,$110.78,46717770.0,111.74,111.77,109.41
2015/10/06,$111.31,48702200.0,110.63,111.74,109.765
2015/10/05,$110.78,52033100.0,109.88,111.3698,109.07
2015/10/02,$110.38,57774940.0,108.01,111.0136,107.55
2015/10/01,$109.58,63849470.0,109.07,109.62,107.31
2015/09/30,$110.3,66300930.0,110.17,111.54,108.73
2015/09/29,$109.06,73230280.0,112.83,113.51,107.86
2015/09/28,$112.44,51861990.0,113.85,114.57,112.44
2015/09/25,$114.71,56005550.0,116.44,116.69,114.02
2015/09/24,$115.0,50061580.0,113.25,115.5,112.37
2015/09/23,$114.32,35678360.0,113.63,114.72,113.3
2015/09/22,$113.4,50278030.0,113.38,114.18,112.5201
2015/09/21,$115.21,46594220.0,113.67,115.37,113.66
2015/09/18,$113.45,73991000.0,112.21,114.3,111.87
2015/09/17,$113.92,63712340.0,115.66,116.49,113.715
2015/09/16,$116.41,37080720.0,116.25,116.54,115.44
2015/09/15,$116.28,43218350.0,115.93,116.53,114.42
2015/09/14,$115.31,58279570.0,116.58,116.89,114.86
2015/09/11,$114.21,49793750.0,111.79,114.21,111.76
2015/09/10,$112.57,62800770.0,110.27,113.2825,109.9
2015/09/09,$110.15,84757780.0,113.76,114.02,109.77
2015/09/08,$112.31,54507300.0,111.65,112.56,110.32
2015/09/04,$109.27,49904460.0,108.97,110.45,108.51
2015/09/03,$110.37,53142590.0,112.49,112.78,110.04
2015/09/02,$112.34,61681250.0,110.23,112.34,109.131
2015/09/01,$107.72,76562170.0,110.15,111.88,107.36
2015/08/31,$112.76,56111590.0,112.03,114.53,112.0
2015/08/28,$113.29,53075960.0,112.17,113.31,111.54
2015/08/27,$112.92,83825220.0,112.23,113.24,110.02
2015/08/26,$109.69,96531890.0,107.085,109.89,105.05
2015/08/25,$103.74,102731700.0,111.11,111.11,103.5
2015/08/24,$103.12,161882500.0,94.87,108.8,92.0
2015/08/21,$105.76,127246600.0,110.43,111.9,105.645
2015/08/20,$112.65,68176940.0,114.08,114.35,111.63
2015/08/19,$115.01,48079330.0,116.1,116.52,114.68
2015/08/18,$116.5,34525630.0,116.43,117.44,116.01
2015/08/17,$117.16,40827260.0,116.04,117.65,115.5
2015/08/14,$115.96,42876370.0,114.32,116.31,114.01
2015/08/13,$115.15,48407640.0,116.04,116.4,114.54
2015/08/12,$115.24,101593400.0,112.53,115.42,109.63
2015/08/11,$113.49,96820670.0,117.81,118.18,113.33
2015/08/10,$119.72,54851010.0,116.53,119.99,116.53
2015/08/07,$115.52,38610120.0,114.58,116.25,114.5
2015/08/06,$115.13,52828890.0,115.97,116.5,114.115
2015/08/05,$115.4,99202400.0,112.95,117.44,112.1
2015/08/04,$114.64,123601900.0,117.42,117.7,113.25
2015/08/03,$118.44,69639900.0,121.5,122.57,117.52
2015/07/31,$121.3,42832890.0,122.6,122.6425,120.91
2015/07/30,$122.37,33400950.0,122.32,122.5699,121.71
2015/07/29,$122.99,36912040.0,123.15,123.5,122.27
2015/07/28,$123.38,33570380.0,123.38,123.91,122.55
2015/07/27,$122.77,44371580.0,123.09,123.61,122.12
2015/07/24,$124.5,42090320.0,125.32,125.74,123.9
2015/07/23,$125.16,50832950.0,126.2,127.09,125.06
2015/07/22,$125.22,115288400.0,121.99,125.5,121.99
2015/07/21,$130.75,73006780.0,132.85,132.92,130.32
2015/07/20,$132.07,55204920.0,130.97,132.97,130.7
2015/07/17,$129.62,45970470.0,129.08,129.62,128.31
2015/07/16,$128.51,35987630.0,127.74,128.57,127.35
2015/07/15,$126.82,33559770.0,125.72,127.15,125.58
2015/07/14,$125.61,31695870.0,126.04,,
2015/07/13,$12566.0,41365600.0,125.03,125.755,124.32
2015/07/10,$123.28,61292800.0,121.94,123.85,121.21
2015/07/09,$120.07,78291510.0,123.85,124.06,119.22
2015/07/08,$122.57,60609830.0,124.48,124.64,122.54
2015/07/07,$125.69,46737090.0,125.89,126.15,123.77
2015/07/06,$126.0,27972950.0,124.94,126.23,124.85
2015/07/02,$126.44,27171180.0,126.43,126.69,125.77
2015/07/01,$126.6,30206890.0,126.9,126.94,125.99
2015/06/30,$125.425,44326050.0,125.57,126.12,124.86
2015/06/29,$124.53,49043410.0,125.46,126.47,124.48
2015/06/26,$126.75,43986290.0,127.67,127.99,126.51
2015/06/25,$127.5,31872390.0,128.86,129.2,127.5
2015/06/24,$128.11,55077520.0,127.21,129.8,127.12
2015/06/23,$127.03,30192140.0,127.48,127.61,126.8792
2015/06/22,$127.61,33976180.0,127.49,128.06,127.08
2015/06/19,$126.6,54361530.0,127.71,127.82,126.4
2015/06/18,$127.88,35363990.0,127.23,128.31,127.22
2015/06/17,$127.3,32858900.0,127.72,127.88,126.74
2015/06/16,$127.6,31443650.0,127.03,127.85,126.37
2015/06/15,$126.92,43896960.0,126.1,127.24,125.71
2015/06/12,$127.17,36826260.0,128.185,128.33,127.11
2015/06/11,$128.59,35344520.0,129.18,130.18,128.475
2015/06/10,$128.88,39029190.0,127.92,129.34,127.85
2015/06/09,$127.42,56002840.0,126.7,128.08,125.62
2015/06/08,$127.8,52609900.0,128.9,129.21,126.83
2015/06/05,$128.65,35577760.0,129.5,129.69,128.36
2015/06/04,$129.36,38335980.0,129.58,130.58,128.91
2015/06/03,$130.12,30939810.0,130.66,130.94,129.9
2015/06/02,$129.96,33595980.0,129.86,130.655,129.32
2015/06/01,$130.535,32016020.0,131.2,131.39,130.05
2015/05/29,$130.28,50474170.0,131.23,131.45,129.9
2015/05/28,$131.78,30678840.0,131.86,131.95,131.1
2015/05/27,$132.045,45771120.0,130.34,132.26,130.05
2015/05/26,$129.62,70544670.0,132.6,132.91,129.12
2015/05/22,$132.54,45469340.0,131.6,132.97,131.4
2015/05/21,$131.39,39589780.0,130.07,131.63,129.83
2015/05/20,$130.06,36261170.0,130.0,130.98,129.34
2015/05/19,$130.07,44395440.0,130.69,130.88,129.64
2015/05/18,$130.19,50723240.0,128.38,130.72,128.36
2015/05/15,$128.77,38128470.0,129.07,129.49,128.21
2015/05/14,$128.95,45123920.0,127.41,128.95,127.16
2015/05/13,$126.01,34611600.0,126.15,127.19,125.87
2015/05/12,$125.865,48073450.0,125.6,126.88,124.82
2015/05/11,$126.32,41920740.0,127.39,127.56,125.625
2015/05/08,$127.62,55473820.0,126.68,127.62,126.11
2015/05/07,$125.26,42653920.0,124.77,126.08,124.02
2015/05/06,$125.01,72037370.0,126.56,126.75,123.36
2015/05/05,$125.8,49127770.0,128.15,128.4498,125.78
2015/05/04,$128.7,50905020.0,129.5,130.57,128.26
2015/05/01,$128.95,57349000.0,126.1,130.13,125.3
2015/04/30,$125.15,82924980.0,127.5,127.88,124.58
2015/04/29,$128.64,63063240.0,130.16,131.59,128.3
2015/04/28,$130.56,118693700.0,134.455,134.54,129.57
2015/04/27,$132.65,95084260.0,132.31,133.13,131.15
2015/04/24,$130.28,44209710.0,130.49,130.63,129.23
2015/04/23,$129.67,45596690.0,128.3,130.42,128.14
2015/04/22,$128.62,37575420.0,126.99,128.87,126.32
2015/04/21,$126.91,32341380.0,128.1,,
2015/04/20,$127.6,46975110.0,125.57,128.12,125.17
2015/04/17,$124.75,51481310.0,125.55,126.14,124.46
2015/04/16,$126.17,28020240.0,126.28,127.1,126.11
2015/04/15,$126.78,28922420.0,126.41,127.13,126.01
2015/04/14,$126.3,25418280.0,127.0,127.29,125.91
2015/04/13,$126.85,36248620.0,128.37,128.57,126.61
2015/04/10,$127.1,40125760.0,125.95,127.21,125.26
2015/04/09,$126.56,32244360.0,125.85,126.58,124.66
2015/04/08,$125.6,37272090.0,125.85,126.4,124.97
2015/04/07,$126.01,34894810.0,127.64,128.1218,125.98
2015/04/06,$127.35,36917490.0,124.47,127.51,124.33
2015/04/02,$125.32,32171410.0,125.03,125.56,124.19
2015/04/01,$124.25,40463140.0,124.82,125.12,123.1
2015/03/31,$124.43,42019420.0,126.09,126.49,124.355
2015/03/30,$126.37,46974980.0,124.05,126.4,124.0
2015/03/27,$123.25,39471720.0,124.57,124.7,122.91
2015/03/26,$124.24,47409610.0,122.76,124.88,122.6
2015/03/25,$123.38,51505600.0,126.54,126.82,123.38
2015/03/24,$126.69,32747200.0,127.23,128.04,126.56
2015/03/23,$127.21,37597600.0,127.12,127.85,126.52
2015/03/20,$125.9,68516180.0,128.25,128.4,125.16
2015/03/19,$127.495,45674520.0,128.75,129.2451,127.4
2015/03/18,$128.47,65118170.0,127.0,129.16,126.37
2015/03/17,$127.04,50891230.0,125.9,127.32,125.65
2015/03/16,$124.95,35816300.0,123.88,124.95,122.87
2015/03/13,$123.59,51744670.0,124.4,125.3951,122.58
2015/03/12,$124.45,48233270.0,122.31,124.9,121.63
2015/03/11,$122.24,68812690.0,124.75,124.77,122.11
2015/03/10,$124.51,68720360.0,126.41,127.22,123.8
2015/03/09,$127.14,88410240.0,127.96,129.57,125.06
2015/03/06,$126.6,72699680.0,128.4,129.37,126.26
2015/03/05,$126.41,56391280.0,128.58,128.75,125.76
2015/03/04,$128.54,31588480.0,129.1,129.56,128.32
2015/03/03,$129.36,37749900.0,128.96,129.52,128.09
2015/03/02,$129.09,48042680.0,129.25,130.28,128.3
2015/02/27,$128.46,61931350.0,130.0,130.57,128.24
2015/02/26,$130.415,91171830.0,128.785,130.87,126.61
2015/02/25,$128.79,74555120.0,131.56,131.6,128.15
2015/02/24,$132.17,69109410.0,132.94,133.6,131.17
2015/02/23,$133.0,73089250.0,130.02,133.0,129.66
2015/02/20,$129.495,48878410.0,128.62,129.5,128.05
2015/02/19,$128.45,37295460.0,128.48,129.03,128.33
2015/02/18,$128.715,44695980.0,127.625,128.78,127.45
2015/02/17,$127.83,63014110.0,127.49,128.88,126.92
2015/02/13,$127.08,53955650.0,127.28,127.28,125.65
2015/02/12,$126.46,74374630.0,126.06,127.48,125.57
2015/02/11,$124.88,73278020.0,122.77,124.92,122.5
2015/02/10,$122.02,61845390.0,120.17,122.15,120.16
2015/02/09,$119.72,37900780.0,118.55,119.84,118.43
2015/02/06,$118.93,43633660.0,120.02,120.25,118.45
2015/02/05,$119.94,42197110.0,120.02,120.23,119.25
2015/02/04,$119.56,69975180.0,118.5,120.51,118.309
2015/02/03,$118.65,51842080.0,118.5,119.09,117.61
2015/02/02,$118.63,62542440.0,118.05,119.17,116.08
2015/01/30,$117.16,83646800.0,118.4,120.0,116.85
2015/01/29,$118.9,84132130.0,116.32,119.19,115.56
2015/01/28,$115.31,146184300.0,117.625,118.12,115.31
2015/01/27,$109.14,92326640.0,112.42,112.48,109.03
2015/01/26,$113.1,55457420.0,113.74,114.3626,112.8
2015/01/23,$112.98,46420020.0,112.3,113.75,111.53
2015/01/22,$112.4,53717440.0,110.26,112.47,109.72
2015/01/21,$109.55,48482860.0,108.95,111.06,108.27
2015/01/20,$108.72,49742320.0,107.84,108.9667,106.5
2015/01/16,$105.99,78453330.0,107.03,107.58,105.2
2015/01/15,$106.82,59808470.0,110.0,110.06,106.66
2015/01/14,$109.8,48728190.0,109.04,110.49,108.5
2015/01/13,$110.22,66969980.0,111.43,112.8,108.91
2015/01/12,$109.25,49571170.0,112.6,112.63,108.8
2015/01/09,$112.01,53645730.0,112.67,113.25,110.21
2015/01/08,$111.89,59168760.0,109.23,112.15,108.7
2015/01/07,$107.75,39983350.0,107.2,108.2,106.695
2015/01/06,$106.26,65682250.0,106.54,107.43,104.63
2015/01/05,$106.25,64210880.0,108.29,108.65,105.41
2015/01/02,$109.33,53143770.0,111.39,111.44,107.35
2014/12/31,$110.38,41304780.0,112.82,113.13,110.21
2014/12/30,$112.52,29798660.0,113.64,113.92,112.11
2014/12/29,$113.91,27533430.0,113.79,114.77,113.7
2014/12/26,$113.99,33681200.0,112.1,114.52,112.01
2014/12/24,$112.01,14479610.0,112.58,112.71,112.01
2014/12/23,$112.54,25991030.0,113.23,113.33,112.46
2014/12/22,$112.94,45097060.0,112.16,113.49,111.97
2014/12/19,$111.78,86595830.0,112.26,113.24,111.66
2014/12/18,$112.65,58785590.0,111.87,112.65,110.66
2014/12/17,$109.41,53265930.0,107.12,109.84,106.82
2014/12/16,$106.745,60651790.0,106.37,110.16,106.26
2014/12/15,$108.225,67083260.0,110.7,111.6,106.35
2014/12/12,$109.73,55873820.0,110.46,111.87,109.58
2014/12/11,$111.62,41404690.0,112.26,113.8,111.34
2014/12/10,$111.95,44475360.0,114.41,114.85,111.54
2014/12/09,$114.12,60112240.0,110.19,114.3,109.35
2014/12/08,$112.4,57445030.0,114.1,114.648,111.62
2014/12/05,$115.0,38230970.0,115.99,116.08,114.64
2014/12/04,$115.49,42068020.0,115.77,117.2,115.29
2014/12/03,$115.93,42956200.0,115.75,116.35,115.11
2014/12/02,$114.63,59205320.0,113.5,115.75,112.75
2014/12/01,$115.07,83657780.0,118.81,119.25,111.27
2014/11/28,$118.93,24814400.0,119.27,119.4,118.05
2014/11/26,$119.0,40756950.0,117.94,119.1,117.83
2014/11/25,$117.6,68719930.0,119.07,119.75,117.45
2014/11/24,$118.625,46867340.0,116.85,118.77,116.62
2014/11/21,$116.47,56759320.0,117.51,117.57,116.03
2014/11/20,$116.31,43148650.0,114.91,116.86,114.85
2014/11/19,$114.67,41815550.0,115.44,115.74,113.8
2014/11/18,$115.47,44163250.0,113.94,115.69,113.89
2014/11/17,$113.99,46687710.0,114.27,117.28,113.3
2014/11/14,$114.18,43789060.0,113.15,114.19,113.05
2014/11/13,$112.82,59418180.0,111.8,113.45,111.6
2014/11/12,$111.25,46372630.0,109.38,111.43,109.37
2014/11/11,$109.7,27330410.0,108.7,109.75,108.4
2014/11/10,$108.83,27066060.0,109.02,109.33,108.67
2014/11/07,$109.01,33655280.0,108.75,109.32,108.55
2014/11/06,$108.7,34733740.0,108.6,108.79,107.8
2014/11/05,$108.86,37365530.0,109.1,109.3,108.125
2014/11/04,$108.6,41423660.0,109.36,109.49,107.72
2014/11/03,$109.4,52154490.0,108.22,110.3,108.01
2014/10/31,$108.0,44550790.0,108.01,108.04,107.21
2014/10/30,$106.98,40572000.0,106.959,107.35,105.9
2014/10/29,$107.34,52545580.0,106.65,107.37,106.36
2014/10/28,$106.74,47689070.0,105.4,106.74,105.35
2014/10/27,$105.11,34086120.0,104.85,105.48,104.7
2014/10/24,$105.22,46937880.0,105.18,105.49,104.53
2014/10/23,$104.83,70760150.0,104.08,105.051,103.63
2014/10/22,$102.99,68140010.0,102.84,104.11,102.6
2014/10/21,$102.47,93786680.0,103.02,103.02,101.27
2014/10/20,$99.76,75705040.0,98.315,99.96,98.22
2014/10/17,$97.67,67723910.0,97.5,99.0,96.81
2014/10/16,$96.26,72017830.0,95.55,97.72,95.41
2014/10/15,$97.54,99942790.0,97.97,99.15,95.18
2014/10/14,$98.75,63287170.0,100.39,100.52,98.57
2014/10/13,$99.81,53437060.0,101.33,101.78,99.81
2014/10/10,$100.73,66249770.0,100.69,102.03,100.3
2014/10/09,$101.02,77283330.0,101.54,102.38,100.61
2014/10/08,$100.8,57329820.0,98.76,101.11,98.31
2014/10/07,$98.75,42003200.0,99.43,100.12,98.73
2014/10/06,$99.62,36780620.0,99.95,100.65,99.42
2014/10/03,$99.62,43419580.0,99.44,100.21,99.04
2014/10/02,$99.9,47697150.0,99.27,100.22,98.04
2014/10/01,$99.18,51400260.0,100.59,100.69,98.7
2014/09/30,$100.75,55119980.0,100.81,101.54,100.53
2014/09/29,$100.11,49263260.0,98.65,100.435,98.63
2014/09/26,$100.75,62276770.0,98.53,100.75,98.4
2014/09/25,$97.87,99689300.0,100.51,100.71,97.72
2014/09/24,$101.75,59974260.0,102.16,102.85,101.2
2014/09/23,$10264.0,63255860.0,100.6,102.94,100.54
2014/09/22,$101.06,52421660.0,101.8,102.14,100.58
2014/09/19,$100.96,70747430.0,102.29,102.35,100.88
2014/09/18,$10179.0,36971170.0,101.93,102.35,101.56
2014/09/17,$101.58,60783090.0,101.27,101.8,100.5922
2014/09/16,$100.86,66754370.0,99.8,101.26,98.89
2014/09/15,$101.63,61169670.0,102.81,103.05,101.44
2014/09/12,$101.66,62826040.0,101.21,102.19,101.08
2014/09/11,$101.43,62077230.0,100.41,101.44,99.62
2014/09/10,$101.0,100352500.0,98.01,101.11,97.76
2014/09/09,$97.99,189419500.0,99.08,103.08,96.14
2014/09/08,$98.36,46176570.0,99.3,99.31,98.05
2014/09/05,$98.97,58280030.0,98.8,99.39,98.31
2014/09/04,$98.12,85537710.0,98.85,100.09,97.79
2014/09/03,$98.94,125000400.0,103.1,103.2,98.58
2014/09/02,$103.3,53227770.0,103.06,103.74,102.72
2014/08/29,$102.5,44516120.0,102.86,102.9,102.2
2014/08/28,$102.25,68368740.0,101.59,102.78,101.56
2014/08/27,$102.13,46807000.0,101.02,102.57,100.7
2014/08/26,$100.889,33079170.0,101.42,101.5,100.86
2014/08/25,$101.54,40087220.0,101.79,102.17,101.28
